0-ph.rr -
024-.02 -
10G-.1- -
154-10 NULL
154-154 NULL
154-46 NULL
154-6 NULL
154-96 NULL
184-.15 -
207-.68 -
24-1.64 -
24-1.68 -
24-2.9- -
24-9.2- -
DRHN.NC -
GE14.-0 -
GE15.-0 -
GE17.-0 -
GE3-.0- -
GE3-.1- -
GigE.th -
HNLL.HI Honolulu,HI
HWTH.CA Hawthorne,CA
ILM-.IL -
ORNG.CA Orange,CA
PBSD.CA -
RDC-.24 -
RDC-.65 -
RDC-.72 -
RDC-.76 -
SRSD.CA South Monrovia Island,CA
TEHP.CA Tehachapi,CA
VNNY.CA -
abln.tx Abilene,TX
abrn.ne Auburn,NE
ae0-.0- -
ae0-.1- -
ae1-.in -
ae1-.wc -
ae2-.0- -
ae4-.dn -
ae5-.dn -
ae5-.nw -
agor.ca Agoura,CA
akrn.oh Akron,OH
al NULL
al.aubn Auburn,AL
al.charlottedrv -
al.chicksaw Chickasaw,AL
al.dctr Decatur,AL
al.dothan Dothan,AL
al.florence Florence,AL
al.gadsden Gadsden,AL
al.hillcrestprk -
al.huntsville Huntsville,AL
al.hurtelst -
al.l3-mobile -
al.leds Leeds,AL
al.mobile Mobile,AL
al.mtgm Montgomery,AL
al.ninthave -
al.northport Northport,AL
al.tuscaloosa Tuscaloosa,AL
alb..AL Alabaster,AL
alb..CH -
alb..al Alabaster,AL
alb..cr -
alb..pt -
albn.pa Albion,PA
albq NULL
alby.ny Albany,NY
alcr.oh Apple Creek,OH
alfe.ny Alfred,NY
almt.ny Altamont,NY
alnc.oh Alliance,OH
alsi.gl -
altn.pa Allentown,PA
amel.oh Amelia,OH
amrl.tx Amarillo,TX
amst.ny Amsterdam,NY
ands.oh Andersonville,OH
angl.ny Angola,NY
anhm.ca Anaheim,CA
apa NULL
appl.wi Appleton,WI
ar NULL
ar.enmardr -
ar.littlerock Little Rock,AR
ar.lookoutrd -
ar.nlittlerock North Little Rock,AR
ar.sevenacresdr -
ar.sshackleford -
ar.westmemphis West Memphis,AR
arcd.ca Arden-Arcade,CA
ardl.me Arundel,ME
arlh.il Arlington Heights,IL
arsn.in Anderson,IN
asht.oh Ashtabula,OH
atcl.nj Atlantic Highlands,NJ
athn.oh Athens,OH
athn.pa Athens,PA
atl2.0. -
atla.ga Atlanta,GA
atwr.oh Antwerp,OH
aubn.ny Auburn,NY
aus2.tx -
aust.tx Austin,TX
austin NULL
avlk.oh Avon Lake,OH
avoc.ny Avoca village,NY
az NULL
az.orovalley Oro Valley,AZ
az.pimaco Pimaco Two,AZ
az.snyder -
az.valencia Valencia West,AZ
babr.oh Barberton,OH
bak NULL
bath.oh Bratenahl,OH
baut.oc -
bavl.ny Baldwinsville,NY
bchw.oh Beachwood,OH
bcpt.me Bucksport,ME
bcs..ah -
bcs..ak -
bcs..am -
bcs..ar Black Springs,AR
bcs..be -
bcs..bl -
bcs..cl -
bcs..cn -
bcs..db -
bcs..dy -
bcs..fl Beacon Square,FL
bcs..fp -
bcs..fr -
bcs..ft -
bcs..gm -
bcs..gr -
bcs..hb -
bcs..he -
bcs..hl -
bcs..kt -
bcs..ld -
bcs..li -
bcs..lo -
bcs..lr -
bcs..lv -
bcs..lw -
bcs..ly -
bcs..ma Blackstone,MA
bcs..mi -
bcs..mn Bellechester,MN
bcs..mt -
bcs..my -
bcs..nw -
bcs..ov -
bcs..ow -
bcs..ox -
bcs..po -
bcs..pt -
bcs..sd Blucksberg Mountain,SD
bcs..sp -
bcs..tp -
bcs..tr -
bcs..wa -
bcs..wk -
bcs..wo -
bcs..wp -
bcs..wv Blacksville,WV
bcs..zn -
bcvl.oh Brecksville,OH
be10.-l -
be10.-t -
bere.ky Berea,KY
besd.ca Bakersfield,CA
bflo.ny Buffalo,NY
bflp.ny -
bfrd.wi -
bigi.hi -
bigi.p- -
bigi.p3 -
bivl.me -
bkfd.14 -
bkfd.ca Bakersfield,CA
blas.oh Blue Ash,OH
blfl.ca Bellflower,CA
blfs.me Belfast,ME
blft.oh Bellefontaine,OH
blgr.me Belgrade,ME
blng NULL
bltm.md Baltimore,MD
bltn.in Bloomington,IN
blvr.ny Black River,NY
blvr.oh Bolivar village,OH
bngh.ny Binghamton,NY
bngr.me Bangor,ME
bnvl.ny Baldwinsville,NY
boid NULL
bois NULL
boln.ny Brooklyn,NY
brea.ca Brea,CA
brew.me Brewer,ME
brfd.wi Brookfield,WI
brfr.ct Branford,CT
brhm.al Birmingham,AL
brhr.me Bar Harbor,ME
brln.nh Berlin,NH
brtl.il Bartlett,IL
brtn.me Bridgton,ME
brtw.ca Brentwood,CA
brwd.ca Brentwood,CA
brwl.ca Brawley,CA
bsmr NULL
bsse.ng -
bstn.ma Boston,MA
btrg.la Baton Rouge,LA
buff.ny Buffalo,NY
buffalo NULL
bumt.tx Beaumont,TX
bun1.-n -
bun6.-n -
bun7.-n -
bur NULL
burl.wi Burlington,WI
bvhl.ca Beverly Hills,CA
bvly.oh Beverly,OH
bwla.ca -
bwlg.oh Bowling Green,OH
bwsd.ca -
bxtn.me Buxton,ME
bzta.oh -
ca NULL
ca.11greatoaks -
ca.529bryant -
ca.600wseventh -
ca.arhd -
ca.atsc Atascadero,CA
ca.bbcy Big Bear City,CA
ca.castrovalley Castro Valley,CA
ca.ccmn -
ca.chico Chico,CA
ca.clovis Clovis,CA
ca.dalycity Daly City,CA
ca.davis Davis,CA
ca.emeryville Emeryville,CA
ca.fairfield Fairfield,CA
ca.fortbragg Fort Bragg,CA
ca.fremont Fremont,CA
ca.fremontcev1 -
ca.fremontcev2 -
ca.fremontcev3 -
ca.frenchcamp French Camp,CA
ca.fresno Fresno,CA
ca.fresnordc -
ca.gldl Glendale,CA
ca.gvrb Grover Beach,CA
ca.hanford Hanford,CA
ca.hayward Hayward,CA
ca.hspr Hesperia,CA
ca.lnbh Long Beach,CA
ca.lodi Lodi,CA
ca.losa Los Angeles,CA
ca.losangeles Los Angeles,CA
ca.losbanos Los Banos,CA
ca.lsan Los Angeles,CA
ca.madera Madera,CA
ca.malb Malibu Beach,CA
ca.mendota Mendota,CA
ca.mghl Morgan Hill,CA
ca.modesto Modesto,CA
ca.monterey Monterey Park,CA
ca.mrba Morro Bay,CA
ca.mtpk Monterey Park,CA
ca.napa Napa,CA
ca.newmerced -
ca.nlto -
ca.novato Novato,CA
ca.nrwl Norwalk,CA
ca.oakland Oakland,CA
ca.park Parkway,CA
ca.petaluma Petaluma,CA
ca.pinedale -
ca.pinole Pinole,CA
ca.pittsburg Pittsburg,CA
ca.placerville Placerville,CA
ca.pleasanton Pleasanton,CA
ca.prtv Porterville,CA
ca.psdn Pasadena,CA
ca.rdng Redding,CA
ca.reedley Reedley,CA
ca.rohnertpr Rohnert Park,CA
ca.rvsd Riverside,CA
ca.sacramento Sacramento,CA
ca.sanjose San Jose,CA
ca.sanmateo San Mateo,CA
ca.sanrafael San Rafael,CA
ca.santaclara Santa Clarita,CA
ca.santamaria Santa Maria,CA
ca.scotts Scotts Valley,CA
ca.sf19th -
ca.sffolsom -
ca.sfgeary -
ca.sfmission -
ca.sfpine -
ca.sfsutro -
ca.shaw -
ca.slto South Lake Tahoe,CA
ca.snbr San Bernardino,CA
ca.snlo San Leandro,CA
ca.stockton Stockton,CA
ca.stocktonhe3 -
ca.toyon Trabuco Canyon,CA
ca.tracy Tracy,CA
ca.trlk Turlock,CA
ca.tulare Tulare,CA
ca.ukiah Ukiah,CA
ca.vanness -
ca.visalia Visalia,CA
ca.walnutcreek Walnut Creek,CA
ca.willits Willits,CA
ca.windsor Windsor,CA
ca.wsco West Covina,CA
ca.wtvl Watsonville,CA
ca.yubacity Yuba City,CA
camb.oh Cambridge,OH
cana.oh Canal Winchester,OH
cand.ny Coney Island,NY
carb.me Caribou,ME
carolina NULL
cbls.ny Cobleskill,NY
ccmn.ca -
cdbg.wi Cedarburg,WI
cdp0.1. -
cdpt.pa Coudersport,PA
cdrr NULL
cec NULL
central NULL
cfl..24 -
cfl..68 -
char.oh Chardon,OH
chcg.il Chicago,IL
chct.il Chicago Heights,IL
chi1.0. -
chi2.ca -
chi3.0. -
chi3.1. -
chi7.5. -
chil.oh Chillicothe,OH
chmp.il Champaign,IL
chpl.ny Champlain,NY
chrl.nc Charlotte,NC
chrt.ny Cedarhurst,NY
chsh.me Chisholm,ME
chsw.ca -
chwo.ca -
chyn NULL
cicr.il Cicero,IL
cinc.i. Clinton Stock Yards,IA
cinci NULL
clay.ny Clayton,NY
clbo.h1 -
clbs.ca Calabasas,CA
clev.oh Cleveland,OH
clma.sc Columbia,SC
clmb.ne Columbus,NE
clmb.oh Columbus,OH
clmc.oh -
clmk.oh -
clns.ny Cornwall-on-Hudson,NY
clpk.ny -
clpp.va Culpeper,VA
clrk.wv Clarksburg,WV
clsp NULL
cltn.oh Clayton,OH
clvh.oh Cleveland Heights,OH
clxc.ca Calexico,CA
cmdn.nj Camden,NJ
cmld.me Cumberland Center,ME
cmrl.ca Camarillo,CA
cmtn.ca Compton,CA
cmtn.nh -
cncd.nh Concord,NH
cncn.oh Cincinnati,OH
cnjh.ny Canajoharie,NY
cnnt.oh Cincinnati,OH
cnpk.ca Cameron Park,CA
cnsd.ca Channel Islands Beach,CA
cntm.fl -
cntm.oh -
cntn.oh Canton,OH
cntt.ny Centerport,NY
cntv.oh Centerville,OH
cnvl.oh Centerville,OH
cnwy.nh Conway,NH
cny..at -
cny..au -
cny..ba -
cny..bl -
cny..bn -
cny..cl -
cny..cr -
cny..dr -
cny..em -
cny..es -
cny..fl Country Club,FL
cny..fy -
cny..ga Conyers,GA
cny..hm -
cny..hr -
cny..ir -
cny..it -
cny..jm -
cny..lo -
cny..lt -
cny..ma -
cny..md -
cny..ms -
cny..nh -
cny..nr -
cny..og -
cny..on -
cny..os -
cny..ot -
cny..ow -
cny..ph -
cny..pr -
cny..pt -
cny..ro -
cny..sd -
cny..sr -
cny..sy -
cny..un -
cny..vs -
cny..ws -
cny..wt -
co NULL
co.181dc -
co.910fifteenth -
co.arvada Arvada,CO
co.aspen Aspen,CO
co.aurora Aurora,CO
co.avon Avon,CO
co.battlement Battlement Mesa,CO
co.boulder Boulder,CO
co.clinton -
co.cmc Commerce City,CO
co.cosprings Colorado Springs,CO
co.denver Denver,CO
co.denverqwest -
co.dsit -
co.englewood Englewood,CO
co.fortcollins Fort Collins,CO
co.granby Granby,CO
co.greeley Greeley,CO
co.littleton Littleton,CO
co.longmont Longmont,CO
co.potmc-englwd -
co.potomac -
co.pueblo Pueblo,CO
co.rifle Rifle,CO
co.spotlight -
co.steamboat Steamboat Springs,CO
co.summit -
co.titan -
co.trinidad Trinidad,CO
co.tucsn-englwd -
co.wheatridge Wheat Ridge,CO
columbus NULL
conc.oh Crown City village,OH
corn.ca Corona,CA
cosp NULL
covl.il Collinsville,IL
covn.ca Covina,CA
cral.id Coeur d'Alene,ID
crbt.co Crested Butte,CO
crch.tx Corpus Christi,TX
cret.ne Crete,NE
crld.ny Cortland,NY
crls.ca Carlsbad,CA
crml.in Carmel,IN
crml.me Carmel,ME
crng.ny Corning,NY
crpn.ny Crompond,NY
crsd.ca Carlsbad,CA
crsn.ca Carson,CA
crth.ny Croton-on-Hudson,NY
crvl.oh Centerville,OH
crvy.me -
cs66.25 -
csms.ca Costa Mesa,CA
ct NULL
ct.asfd -
ct.berlin -
ct.bloomfield -
ct.bolton -
ct.branford Branford,CT
ct.bristol Bristol,CT
ct.canaan Canaan,CT
ct.chartford -
ct.clinton Clinton,CT
ct.danbury Danbury,CT
ct.easthaddam East Haddam,CT
ct.easthampton East Hampton,CT
ct.ehartford East Hartford,CT
ct.groton Groton,CT
ct.hamden Hamden,CT
ct.killingworth -
ct.middletown Middletown,CT
ct.naugatuck Naugatuck,CT
ct.newbritain New Britain,CT
ct.newhaven New Haven,CT
ct.norwich Norwich,CT
ct.nstonington -
ct.nwtn New Britain,CT
ct.seymour Seymour,CT
ct.shelton Shelton,CT
ct.wallingford Wallingford Center,CT
ct.waterbury Waterbury,CT
ct.westhaven West Haven,CT
ct.whartford West Hartford,CT
ct.wlmn Willimantic,CT
ct.wolcott Wolcott,CT
cust NULL
customers NULL
cvsd.ca -
cydn.ky Corydon,KY
cyin.ca -
cynt.ky Cynthiana,KY
cypr.ca Cypress,CA
cytn.ny Clayton,NY
da NULL
davl.ky Danville,KY
dbln.oh Dublin,OH
dc NULL
dc.benning -
dc.chillum -
dc.floridaave -
dc.michiganave -
dc.newmexiconw -
dc.scapitolstse -
dca0.0. -
dca0.1. -
dca1.0. -
dca2.0. -
dctr.il Decatur,IL
de NULL
de.dover Dover,DE
de.frenchtown -
de.georgetown Georgetown,DE
de.harrington Harrington,DE
de.lewes Lewes,DE
de.limestonedr -
de.milford Milford,DE
de.newcastle New Castle,DE
de.newcastlerdc -
de.rt202 -
de.seaford Seaford,DE
de.tyboutscrnr -
de.uofdelaware -
delh.ny Delhi,NY
delr.tx Del Rio,TX
den0.0. -
den3.0. -
depr.wi De Pere,WI
desm NULL
dev-.15 -
dfsp.fl De Funiak Springs,FL
dfw1.0. -
dhsp.ca Desert Hot Springs,CA
dia NULL
div-.24 -
div..am -
div..ba -
div..bl -
div..bv -
div..cl -
div..cn -
div..dy -
div..fp -
div..fr -
div..hb -
div..hm -
div..lw -
div..ly -
div..md -
div..mm -
div..ow -
div..sp -
div..tr -
dlfd.wi Delafield,WI
dlla.tx Dallas,TX
dlls.tx Dallas,TX
dlly.tx Dilley,TX
dlph.oh Delphos,OH
dlth NULL
dlwr.oh Delaware,OH
dmbr.ca Diamond Bar,CA
dnkr.ny Dunkirk,NY
dns-.se -
dnvr.co Denver,CO
dnvr.rd -
dr-n.sa -
drfd.ny -
dthn.al Dothan,AL
dvfx.me Dover-Foxcroft,ME
dvnp NULL
dybh.fl Daytona Beach,FL
dyt2.oh -
dytn.oh Dayton,OH
dytw.oh Doylestown,OH
eaur.ny East Aurora,NY
ec NULL
eglp.tx Eagle Pass,TX
egrk.ca -
elct.ca El Centro,CA
elmo.re -
elp NULL
elp2.tx -
elps.tx El Paso,TX
elsn.ca East Los Angeles,CA
elwo.me Ellsworth,ME
elyr.oh Elyria,OH
emhr.il Elmhurst,IL
emir.ny Elmira,NY
engl.ab -
eqla.ca -
er01..p -
erie.pa Erie,PA
esyr.ny East New York,NY
eton.oh Eaton,OH
eucl.wi Eau Claire,WI
eufl.al Eufaula,AL
eugn NULL
fapt.ny Fairport,NY
fas-.0- -
fas-.9- -
fbrn.oh Fairborn,OH
ffax.va Fairfax,VA
fl NULL
fl.16th-pmpnbch -
fl.alicocentrrd -
fl.arcadia Arcadia,FL
fl.arlington -
fl.avondale -
fl.beaches -
fl.beauclerc -
fl.beaudr -
fl.beeridgerd -
fl.bocaraton Boca Raton,FL
fl.bonitasprngs Bonita Springs,FL
fl.boynton Boynton Beach,FL
fl.callahan Callahan,FL
fl.capecoral Cape Coral,FL
fl.capehaze -
fl.capitalcircl -
fl.celebration Celebration,FL
fl.chaffee -
fl.coralgables Coral Gables,FL
fl.davie Davie,FL
fl.deerfield Deerfield Beach,FL
fl.deerwood -
fl.delrayeast -
fl.delraywest -
fl.dunnellon Dunnellon,FL
fl.eastorange -
fl.edgewood Edgewood,FL
fl.englewood Englewood,FL
fl.estates -
fl.estero Estero,FL
fl.etharpest -
fl.fernandina Fernandina Beach,FL
fl.fleming Fleming Island,FL
fl.fortmyers Fort Myers,FL
fl.fruitlandpr Fruitland Park,FL
fl.ftcaroline -
fl.ftlauderdale Fort Lauderdale,FL
fl.ftpierce Fort Pierce,FL
fl.gardens -
fl.goldengate Golden Gate,FL
fl.goodlettfrnk -
fl.gunneryrd -
fl.hallandale Hallandale Beach,FL
fl.hialeahne -
fl.hialeahse -
fl.hialeahwest -
fl.hobesound Hobe Sound,FL
fl.homestead Homestead,FL
fl.immokalee Immokalee,FL
fl.jupiterfarms Jupiter Farms,FL
fl.kendall Kendall,FL
fl.kernan -
fl.keylargo Key Largo,FL
fl.keywest Key West,FL
fl.l3-tallahas -
fl.labelle LaBelle,FL
fl.lakecity Lake City,FL
fl.lakeplacid Lake Placid,FL
fl.lakewales Lake Wales,FL
fl.lakeworth Lake Worth,FL
fl.leecocourt -
fl.leesburg Leesburg,FL
fl.lehigh Lehigh Acres,FL
fl.longboatkey Longboat Key,FL
fl.macclenny Macclenny,FL
fl.madison Madison,FL
fl.mandarin -
fl.marathon Marathon,FL
fl.marcoisland Marco Island,FL
fl.margate Margate,FL
fl.marianna Marianna,FL
fl.miami Miami,FL
fl.miamimetro -
fl.miccosukeerd -
fl.miramar Miramar,FL
fl.mtdora Mount Dora,FL
fl.mtplymouth Mount Plymouth,FL
fl.murdock -
fl.n111ave -
fl.naples Naples,FL
fl.normandy -
fl.northdade North Andrews Gardens,FL
fl.northeast New Port Richey East,FL
fl.northlake -
fl.northpoint -
fl.northport North Port,FL
fl.nota North Miami,FL
fl.nworange -
fl.okeechobee Okeechobee,FL
fl.oldbainbridg -
fl.orangepark Orange Park,FL
fl.osceolaeast -
fl.osceolawest -
fl.pahokee Pahokee,FL
fl.palatka Palatka,FL
fl.palmcity Palm City,FL
fl.palmerranch -
fl.panamacity Panama City,FL
fl.panamactybch Panama City Beach,FL
fl.pembroke Pembroke Pines,FL
fl.perrine -
fl.perry Perry,FL
fl.pershingst -
fl.planteast -
fl.plantwest -
fl.pompanobeach Pompano Beach,FL
fl.pontevedra Ponte Vedra Beach,FL
fl.portcharlott Port Charlotte,FL
fl.portstlucie Port Saint Lucie,FL
fl.proctorrd -
fl.puntagorda Punta Gorda Isles,FL
fl.quincy Quincy,FL
fl.redlands -
fl.sarasota Sarasota,FL
fl.sebastian Sebastian,FL
fl.sebring Sebring,FL
fl.siestakey Siesta Key,FL
fl.southbay South Bay,FL
fl.southdade -
fl.southlake -
fl.southorange -
fl.southside -
fl.southwest Southwest Ranches,FL
fl.springfield Springfield,FL
fl.staterd7 -
fl.staugbeach Saint Augustine Beach,FL
fl.staugustine Saint Augustine,FL
fl.stjames Saint James City,FL
fl.stjohns -
fl.stluciewest -
fl.stuart Stuart,FL
fl.sumter -
fl.sweetwater Sweetwater,FL
fl.tallahassee Tallahassee,FL
fl.tamarac Tamarac,FL
fl.tamiamitrail -
fl.tampa Tampa,FL
fl.tequesta Tequesta,FL
fl.timberlanerd -
fl.timuquana -
fl.towerrd -
fl.venice Venice,FL
fl.verandah -
fl.verobeach Vero Beach South,FL
fl.villages Villages of Oriole,FL
fl.wakulla -
fl.wellington Wellington,FL
fl.westboca -
fl.westside -
fl.wolferd -
fl.yulee Yulee,FL
flcy.ne Falls City,NE
fltn.ca Fullerton,CA
fltn.ny Fulton,NY
fmbg.ky Flemingsburg,KY
fmhl.mi Farmington Hills,MI
fnta.ca Fontana,CA
fnvy.ca Fountain Valley,CA
fore.se -
frby.ne Fairbury,NE
frdn.ny Fredonia,NY
frfd.oh Fairfield,OH
frgo NULL
frmn.ne Fremont,NE
frmt.oh Fremont,OH
frnk.pa Franklin Park,PA
frok.ca Fair Oaks,CA
frs2.ca -
frsh.ny Friendship,NY
frsn.ca Fresno,CA
ftan.ny Fort Salonga,NY
fthl.az Fortuna Foothills,AZ
ftwo.tx Fort Worth,TX
fw0-.tx -
fyv2.ar -
fyvl.ar Fayetteville,AR
fyvl.nc Fayetteville,NC
fyvl.ny Fayetteville,NY
g-1-.0- -
g-2-.0- -
g-3-.0- -
g-3-.1- -
g1-0.-0 -
g1-4.7- -
g14-.1- -
g16-.ar -
g3-0.-0 -
g3-1.-0 -
ga NULL
ga.19cmb-atlant -
ga.56marietta -
ga.A3atlanta -
ga.B0atlanta -
ga.C2sdigital -
ga.E1eastpoint -
ga.G1norcross -
ga.N2alpharetta -
ga.S1marietta -
ga.X1calhoun -
ga.Y4Cumming -
ga.a1atlanta -
ga.a2atlanta -
ga.a6atlanta -
ga.abercornst -
ga.appling Appling,GA
ga.athn Athens,GA
ga.atlanta Atlanta,GA
ga.augusta Augusta,GA
ga.b0atlanta -
ga.b1kennesaw -
ga.b2marietta -
ga.b3marietta -
ga.b4marietta -
ga.b5mableton -
ga.b6powsprings -
ga.b7powsprings -
ga.bartlett -
ga.battlefield -
ga.brunswick Brunswick,GA
ga.bufr Buford,GA
ga.c1morrow -
ga.c2sdigital -
ga.c3riverdale -
ga.cdtw Cedartown,GA
ga.clmb Columbus,GA
ga.crtn Carrollton,GA
ga.d1stonemtn -
ga.d2lithonia -
ga.d3stonemtn -
ga.d4decatur -
ga.d5decatur -
ga.d6decatur -
ga.d7decatur -
ga.d8decatur -
ga.d9chamblee -
ga.darien Darien,GA
ga.dgls Douglasville,GA
ga.e1eastpoint -
ga.ebroadst -
ga.elberton Elberton,GA
ga.f2peachtree -
ga.f3sfulton -
ga.ftgn Fort Gaines,GA
ga.g1norcross -
ga.g2lilburn -
ga.g3lilburn -
ga.g4snellville -
ga.g5snellville -
ga.g6lilburn -
ga.g7lilburn -
ga.gsvl Gainesville,GA
ga.gwnt Georgetown-Quitman County unified government,GA
ga.highway341 -
ga.hinesville Hinesville,GA
ga.j1griffin -
ga.jesup Jesup,GA
ga.k1winder -
ga.k2gwinnett -
ga.l1douglas -
ga.l2douglas -
ga.lafayette LaFayette,GA
ga.lgrn La Grange,GA
ga.martinez Martinez,GA
ga.mdvl Milledgeville,GA
ga.metter Metter,GA
ga.n1alpharetta -
ga.n2alpharetta -
ga.n3alpharetta -
ga.naugusta -
ga.newberry -
ga.nwnn Newnan,GA
ga.p1dallas -
ga.p2villarica -
ga.pembroke Pembroke,GA
ga.pinehill -
ga.pooler Pooler,GA
ga.quitman Quitman,GA
ga.r1conyers -
ga.r2conyers -
ga.richmondhill Richmond Hill,GA
ga.s1marietta -
ga.s2woodstock -
ga.s3ndigital -
ga.s3woodstock -
ga.s5marietta -
ga.savannah Savannah,GA
ga.sghl Sugar Hill,GA
ga.skidaway Skidaway Island,GA
ga.smyr Smyrna,GA
ga.south17 -
ga.springfield Springfield,GA
ga.stbr Statesboro,GA
ga.stmary Saint Marys,GA
ga.stngt-stnmnt -
ga.stsimons Saint Simon Mills,GA
ga.thompson -
ga.thtn Thomaston,GA
ga.vinings Vinings,GA
ga.w1monroe -
ga.waynesboro Waynesboro,GA
ga.wilmington Wilmington Island,GA
ga.wndsrsprng -
ga.wspn West Point,GA
ga.x1calhoun -
ga.y1rome -
ga.y2cartersvil -
ga.y3canton -
galn.oh Galion,OH
galv.ny Grandyle Village,NY
gate.wa Granite Falls,WA
gbsn.oh Gibsonburg,OH
gdgv.ca Garden Grove,CA
gdis.ny Gordon Heights,NY
gdrp.mi Grand Rapids,MI
ge-0.-0 -
ge-0.-1 -
ge-1.4- -
ge-1.5- -
ge-1.6- -
ge-1.7- -
ge-1.8- -
ge-3.-0 -
ge-3.-1 -
ge-4.-1 -
ge0-.1- -
ge0-.2- -
ge1-.0- -
ge14.-0 -
ge14.-1 -
ge14.-p -
ge15.-0 -
ge15.-1 -
ge15.-p -
ge16.-1 -
ge16.-f -
ge17.-0 -
ge17.-1 -
ge18.-0 -
ge18.-1 -
ge3-.0- -
ge3-.1- -
genv.ny Glen Cove,NY
genv.oh Greenville,OH
ghna.oh Gahanna,OH
gi3-.0- -
gig-.0- -
gig-.1- -
gig-.14 -
gig-.16 -
gig-.17 -
gig-.18 -
gig-.2- -
gig-.3- -
gig-.4- -
gig0.-1 -
gig0.-2 -
gig0.-3 -
gig1.-0 -
gig1.4- -
gig1.6- -
gig1.7- -
gig1.8- -
gig2.-0 -
gig2.-2 -
gig3.-0 -
gig3.-1 -
gig7.-0 -
glfl.ny Glens Falls,NY
glvl.ny Gloversville,NY
glvv.ny Gloversville,NY
gnbo.nc Greensboro,NC
gnby.wi Green Bay,WI
gndy.va Grundy,VA
gnsn.co Glenwood Springs,CO
gnvl.sc Greenville,SC
gnwc.ny Greenwich,NY
grdn.ca Garden Grove,CA
gren.oh Green,OH
grfd.oh Garfield Heights,OH
grgv.ca Garden Grove,CA
grhl.ca Granite Hills,CA
grmt.oh Germantown,OH
grrd.pa Girard,PA
grts.oh Garfield Heights,OH
grtw.ky Georgetown,KY
grvi.ny Gloversville,NY
grvl.oh Greenville,OH
grvw.oh Grandview Heights,OH
gsbk.oh Groesbeck,OH
gt NULL
gvcy.oh Grove City,OH
gvll.pa Greenville,PA
gvrn.ny Gouverneur,NY
hawaii NULL
hbck.pa -
hbts.wi -
hdbg.ky Harrodsburg,KY
hemt.ca Hemet,CA
herh.el -
hern.tx Henderson,TX
herp.rd -
hgpn.nc High Point,NC
hgrt.md Hagerstown,MD
hlna NULL
hlrd.oh Hilliard,OH
hlrn NULL
hltp.oh Hilltop,OH
hlwl.me Hallowell,ME
hmbg.ny Hamburg,NY
hmtn.ny Hampton Bays,NY
hnbh.ca Huntington Beach,CA
hnbi.ca -
hnll.hi Honolulu,HI
hnsn.ky Henderson,KY
hot NULL
hou3.0. -
hrbg.pa Harrisburg,PA
hrbh.ca Hermosa Beach,CA
hrkm.ny Herkimer,NY
hrld.wi Hartland,WI
hrln.tx Harlingen,TX
hrnd.va Herndon,VA
hrnl.ny Hornell,NY
hsfl.ny Hudson Falls,NY
hstn.tx Houston,TX
hvc NULL
hvla.ca Hidden Valley Lake,CA
hwth.ca Hawthorne,CA
iad NULL
idyl.ca Idyllwild-Pine Cove,CA
igwd.ca Inglewood,CA
il NULL
il.350ecermak -
il.algonquin Algonquin,IL
il.area4 -
il.blvl Belleville,IL
il.champaign Champaign,IL
il.chicago Chicago,IL
il.chicago201 -
il.chicago301 -
il.chicago302 -
il.danville Danville,IL
il.decatur Decatur,IL
il.dekalb DeKalb,IL
il.elmhurst Elmhurst,IL
il.epeoria East Peoria,IL
il.freeport Freeport,IL
il.galesburg Galesburg,IL
il.homewood Homewood,IL
il.kankakee Kankakee,IL
il.lincoln Lincoln,IL
il.macomb Macomb,IL
il.mchenry McHenry,IL
il.mendota Mendota,IL
il.mortongrove Morton Grove,IL
il.mtprospect Mount Prospect,IL
il.mtvr Mount Vernon,IL
il.nchicago North Chicago,IL
il.normal Normal,IL
il.pekin Pekin,IL
il.peoria Peoria,IL
il.quincy Quincy,IL
il.rockford Rockford,IL
il.rollingmdws Rolling Meadows,IL
il.romeoville Romeoville,IL
il.springfield Springfield,IL
il.wchicago West Chicago,IL
il.wstrn-chicag -
in NULL
in.aboite -
in.anderson Anderson,IN
in.beechgrove Beech Grove,IN
in.bloomington Bloomington,IN
in.columbus Columbus,IN
in.connersville Connersville,IN
in.crawfordsvll Crawfordsville,IN
in.elkhart Elkhart,IN
in.frankfort Frankfort,IN
in.greensburg Greensburg,IN
in.greenwood Greenwood,IN
in.griffith Griffith,IN
in.hammond Hammond,IN
in.huntington Huntington,IN
in.indianapolis Indianapolis,IN
in.kokomo Kokomo,IN
in.lafayette Lafayette,IN
in.lawrence Lawrence,IN
in.lawrenceburg Lawrenceburg,IN
in.logansport Logansport,IN
in.main Marion,IN
in.mishawaka Mishawaka,IN
in.monticello Monticello,IN
in.muncie Muncie,IN
in.newhaven New Haven,IN
in.noblesville Noblesville,IN
in.northwest North Webster,IN
in.peru Peru,IN
in.pinevalley -
in.richmond Richmond,IN
in.seymour Seymour,IN
in.shelbyville Shelbyville,IN
in.south South Bend,IN
in.speedway Speedway,IN
in.tellcity Tell City,IN
in.valparaiso Valparaiso,IN
in.vinc Vincennes,IN
indi.ca Indio,CA
indy NULL
indy.ca Industry,CA
inet NULL
insight NULL
inst.oh -
ip NULL
ipls.in Indianapolis,IN
iplt.in Indianapolis city,IN
ipsl.in -
iran.y0 -
irtn.oh Ironton,OH
irvn.ca Irvine,CA
ithc.ny Ithaca,NY
jcsn.ms Jackson,MS
jmtw.ny Jamestown,NY
jsv NULL
kaui.hi Kahului,HI
kc NULL
kc.C.PE -
kc.bcs -
kcsy.ks -
keen.nh Keene,NH
keno.wi Kenosha,WI
kent.oh Kent,OH
kihe.hi Kihei,HI
klao.hi Kailua-Kona,HI
klmz.mi Kalamazoo,MI
kmla.hi -
kmsd.ca -
knds.me Kenduskeag,ME
knmt.va -
kntn.oh Kenton,OH
kntp.in -
knvl.tn Knoxville,TN
ks NULL
ks.olathe Olathe,KS
ksc2.mo -
ksca.ks -
kscd.mo -
kscf.mo -
kscy.ks Kansas City,KS
kscy.mo Kansas City,MO
kscz.mo -
kttr.oh Kettering,OH
kvwo.ks -
ky NULL
ky.campbellsvil Campbellsville,KY
ky.elizabethtwn Elizabethtown,KY
ky.ftcampbell Fort Campbell North,KY
ky.greenville Greenville,KY
ky.horsecave Horse Cave,KY
ky.paducah Paducah,KY
ky.unas -
la NULL
la.eastshrvprt -
la.houma Houma,LA
la.laplace Laplace,LA
la.mainshrvprt -
la.monroe Monroe,LA
la.northshrvprt -
la.opls Opelousas,LA
la.slid Slidell,LA
la.southshrvprt -
la.thbd Thibodaux,LA
la.westmonroe West Monroe,LA
la.westshrvprt -
lacr.ca Lancaster,CA
lag-.1- -
lamd.ca La Mirada,CA
lamr.ca La Mirada,CA
lard.tx Laredo,TX
lax0.0. -
lax3.0. -
lbck.tx Lubbock,TX
lbrt.ny Liberty,NY
lbt-.wb -
lcpt.ny Lockport,NY
ldvl.ny Lloyd Harbor village,NY
leem.a0 -
leny.ks -
lgan.oh Logan,OH
lgtp.mi -
lgvw.tx Longview,TX
libt.oh Liberty Center,OH
lima.ny Lima,NY
lima.oh Lima,OH
limo.h1 -
livn.mi Livonia,MI
ljsd.ca -
lker.ca Lake Forest,CA
lkgn.wi Lake Geneva,WI
lkgr.ny Lake Grove,NY
lklz.ny Lake Luzerne,NY
lksd.oh Lakeside,OH
lkvl.oh Lakemore village,OH
lkwd.ca Lakewood,CA
lkwn.ny Lackawanna,NY
lncl.me Lincoln,ME
lncl.ne Lincoln,NE
lncs.nh Lancaster,NH
lncs.ny Lancaster,NY
lndy.nh Londonderry,NH
lnng.mi Lansing,MI
lodi.oh Lodi,OH
lond.ky London,KY
lorn.oh Lorain,OH
lowv.ny Lowville,NY
lrbg.ky Lawrenceburg,KY
lrtt.ky Louisville/Jefferson County metro government,KY
lrvl.pa Larksville,PA
lsad.ca Lucas Valley-Marinwood,CA
lsai.ca Los Alamitos,CA
lsaj.ca -
lsan.03 -
lsan.ca Los Angeles,CA
lsap.ca -
lsau.ca -
lsay.ca Lindsay,CA
lstn.me Lewiston,ME
lsvl.ky Louisville,KY
ltfd.ny -
ltrk.ar Little Rock,AR
lttn.nh Littleton,NH
lvna.mi Livonia,MI
lvnd.oh Loveland,OH
lvwo.ks Leavenworth,KS
lwbg.oh Lewisburg,OH
lxtn.nc Lexington,NC
lyme.ny -
lync.oh Lynchburg,OH
lync.va Lynchburg,VA
lynd.oh Lyndhurst,OH
ma NULL
ma.amesbury Amesbury,MA
ma.amherst Amherst Center,MA
ma.barnstable Barnstable,MA
ma.beverly Beverly Cove,MA
ma.bllbr-chlmsf -
ma.boston Boston,MA
ma.bourne Bourne,MA
ma.brockton Brockton,MA
ma.brookline Brookline,MA
ma.cambridge Cambridge,MA
ma.chelmsfdrdc1 -
ma.chelmsfdrdc2 -
ma.cpe Chicopee,MA
ma.deerfield Deerfield,MA
ma.fallriver Fall River,MA
ma.foxboro Foxborough,MA
ma.framingham Framingham,MA
ma.gardner Gardner,MA
ma.gloucester Gloucester,MA
ma.groveland Groveland,MA
ma.lawrence Lawrence,MA
ma.lowell Lowell,MA
ma.lynn Lynn,MA
ma.malden Malden,MA
ma.marion Marion,MA
ma.marlboro Marlborough,MA
ma.marshfield Marshfield,MA
ma.marthasvnyrd -
ma.mashpee Mashpee,MA
ma.maynard Maynard,MA
ma.medfield Medfield,MA
ma.middleboro Middleborough Center,MA
ma.milford Milford,MA
ma.monson Monson,MA
ma.montague Montague,MA
ma.nantucket Nantucket,MA
ma.natick Natick,MA
ma.needham Needham,MA
ma.newbedford New Bedford,MA
ma.newburyport Newburyport,MA
ma.northampton Northampton,MA
ma.norwood Norwood,MA
ma.orleans Orleans,MA
ma.oxfr Oxford,MA
ma.peabody Peabody,MA
ma.pembroke -
ma.pinehills -
ma.plymouth Plymouth,MA
ma.quincy Quincy,MA
ma.rehoboth Rehoboth,MA
ma.rockland Rockland,MA
ma.roxbury -
ma.scituate Scituate,MA
ma.springfield Springfield,MA
ma.sterling Sterling,MA
ma.sthplymouth -
ma.unas -
ma.warren Warren,MA
ma.westfield Westfield,MA
ma.westroxbury -
ma.weymouth Weymouth,MA
ma.winchendon Winchendon,MA
ma.woburn Woburn,MA
ma.yarmouth Yarmouth,MA
maine NULL
maln.ny Malverne,NY
mari.oh Marion,OH
maui.hi Maunawili,HI
mcdn.oh Macedonia,OH
mcfl.me Mechanic Falls,ME
md NULL
md.aberdeen Aberdeen,MD
md.annapolis Annapolis,MD
md.berlin Berlin,MD
md.bethesdaeast -
md.bethesdawest -
md.bowie Bowie,MD
md.cambridge Cambridge,MD
md.capitolhghts Capitol Heights,MD
md.catonsville Catonsville,MD
md.churchville -
md.damascus Damascus,MD
md.deepcreek -
md.denton Denton,MD
md.desoto -
md.ebaltimorest -
md.elkridge Elkridge,MD
md.elkton Elkton,MD
md.ellicttcty Ellicott City,MD
md.essex Essex,MD
md.finchville -
md.frankford -
md.frederick Frederick,MD
md.gaithersburg Gaithersburg,MD
md.gambrills Gambrills,MD
md.gampark -
md.germantowne -
md.germantownw -
md.grantsville Grantsville,MD
md.hancock Hancock,MD
md.howardcounty -
md.hyattsville Hyattsville,MD
md.jefferson Jefferson,MD
md.kirkave -
md.lanham Lanham,MD
md.livingstonrd -
md.longhill -
md.metrodr -
md.middletown Middletown,MD
md.mountcarmel -
md.mtairy Mount Airy,MD
md.mtpleasant -
md.newmarket New Market,MD
md.newtowson -
md.oceancity Ocean City,MD
md.olney Olney,MD
md.owingsmills Owings Mills,MD
md.parkville Parkville,MD
md.poolesville Poolesville,MD
md.potomac Potomac,MD
md.rockville Rockville,MD
md.rockvilleast -
md.rockvillwest -
md.salisbury Salisbury,MD
md.thurmont Thurmont,MD
md.waldorf Waldorf,MD
md.westminster Westminster,MD
md.whitemarsh White Marsh,MD
md.whitoaknorth -
md.whitoaksouth -
md.willimsbrg -
md.woodlawn Woodlawn,MD
mdld.tx Midland,TX
mdsn.in Madison,IN
mdsn.ky Madisonville,KY
mdsn.ny Middle Island,NY
mdsn.wi Madison,WI
mdst.ca Modesto,CA
mdws.me Madawaska,ME
me NULL
me.brunswick Brunswick,ME
mgfd.ky Morganfield,KY
mi NULL
mi.adrian Adrian,MI
mi.aldl Allendale,MI
mi.auburnhills Auburn Hills,MI
mi.battlecreek Battle Creek,MI
mi.birmingham Birmingham,MI
mi.brighton Brighton,MI
mi.browncity Brown City,MI
mi.bycy Bay City,MI
mi.canton Canton,MI
mi.clinton2 -
mi.clinton3 -
mi.dearborn Dearborn,MI
mi.dearbornhgts Dearborn Heights,MI
mi.downtown -
mi.epointe Eastpointe,MI
mi.flint Flint,MI
mi.flushing Flushing,MI
mi.gardencity Garden City,MI
mi.grandrapids Grand Rapids,MI
mi.grosspoint Grosse Pointe Woods,MI
mi.holland Holland,MI
mi.holt Holt,MI
mi.jackson Jackson,MI
mi.jonesville Jonesville,MI
mi.klmz Kalamazoo,MI
mi.lawton Lawton,MI
mi.lyndon -
mi.macomb -
mi.madisonhghts Madison Heights,MI
mi.melvindale Melvindale,MI
mi.monr Monroe,MI
mi.monroe Monroe,MI
mi.mrqt Marquette,MI
mi.mtmorris Mount Morris,MI
mi.muskegon Muskegon,MI
mi.nannarbor -
mi.newhaven New Haven,MI
mi.pigeon Pigeon,MI
mi.plymouth Plymouth,MI
mi.pontiac Pontiac,MI
mi.porthuron Port Huron,MI
mi.richland Richland village,MI
mi.rochestrhlls Rochester Hills,MI
mi.rockwood Rockwood,MI
mi.romeo Romeo,MI
mi.roseville Roseville,MI
mi.royaloak Royal Oak,MI
mi.sannarbor -
mi.sgnw Saginaw,MI
mi.shaven South Haven,MI
mi.shelby Shelby,MI
mi.southfield Southfield,MI
mi.southgate Southgate,MI
mi.springfield Springfield,MI
mi.stclaircty -
mi.stclairshors Saint Clair Shores,MI
mi.sterling1 -
mi.sterling3 -
mi.sterling4 -
mi.stjoseph Saint Joseph,MI
mi.taylor Taylor,MI
mi.threerivers Three Rivers,MI
mi.trcy Traverse City,MI
mi.vanburen -
mi.walledlake Walled Lake,MI
mi.wannarbor -
mi.warren1 -
mi.warren3 -
mi.warren4 -
mi.waterford Waterford,MI
mi.wayne Wayne,MI
mi.wbloomfield -
mi.westlandhe -
mi.westlandotn -
mi.westlandrdc -
mi.woodhaven Woodhaven,MI
mi.ypeast -
mi.ypwest -
miam.fl Miami,FL
midohio NULL
midohio.bcs NULL
mids.ou -
midsouth NULL
midwest NULL
miln.hi Mililani Town,HI
milw.wi Milwaukee,WI
min NULL
mlbg.oh Middleburg Heights,OH
mlck.pa Mill Creek,PA
mmph.tn Memphis,TN
mmsd.ca -
mn NULL
mn.C.PE Circle Pines,MN
mn.afton Afton,MN
mn.anoka Anoka,MN
mn.brooklynpark Brooklyn Park,MN
mn.chaska Chaska,MN
mn.crosstown -
mn.dlth Duluth,MN
mn.eagan Eagan,MN
mn.edina Edina,MN
mn.fridley Fridley,MN
mn.hamlake Ham Lake,MN
mn.hastings Hastings,MN
mn.hennepintown -
mn.invergrove Inver Grove Heights,MN
mn.jordan Jordan,MN
mn.mahtomedi Mahtomedi,MN
mn.maplegrove Maple Grove,MN
mn.martin Martin Lake,MN
mn.minnehaha -
mn.minnetonka Minnetonka Mills,MN
mn.nempls -
mn.newhope New Hope,MN
mn.newport Newport,MN
mn.newulm New Ulm,MN
mn.nmpls -
mn.oakdale Oakdale,MN
mn.pillsbury -
mn.plymouth Plymouth,MN
mn.richfield Richfield,MN
mn.roch Rochester,MN
mn.roseville Roseville,MN
mn.rosevillerdc -
mn.shakopee Shakopee,MN
mn.shoreview Shoreview,MN
mn.sims Saint James,MN
mn.smpls -
mn.stcd Saint Cloud,MN
mn.stlouispark Saint Louis Park,MN
mn.swmpls -
mn.webster -
mn.whitebear White Bear Lake,MN
mnfd.oh Mansfield,OH
mnfl.ny Montour Falls,NY
mnta.oh Mentor-on-the-Lake,OH
mntr.oh Mentor,OH
mnvy.ca Moreno Valley,CA
mo NULL
mo.clma Columbia,MO
mo.cpgr Cape Girardeau,MO
mo.independence Independence,MO
mo.sllv Sullivan,MO
mo.stls Saint Louis,MO
mo.unas -
mobl.al Mobile,AL
monr.nc Monroe,NC
mpls NULL
mpls.mn Minneapolis,MN
mrdn.ct Meriden,CT
mrhd.ky Morehead,KY
mrnt.wi Marinette,WI
mrpk.ca Monterey Park,CA
mrvy.ca Moreno Valley,CA
ms NULL
ms.clinton Clinton,MS
ms.corinth Corinth,MS
ms.florence Florence,MS
ms.hattiesburg Hattiesburg,MS
ms.hernando Hernando,MS
ms.jacksonnorth -
ms.jacksonsouth -
ms.lakecaroline -
ms.laurel Laurel,MS
ms.madison Madison,MS
ms.meridian Meridian,MS
ms.olivebranch Olive Branch,MS
ms.rankin -
ms.strayhorne -
ms.tunica Tunica,MS
ms.tupelo Tupelo,MS
ms.westpoint West Point,MS
msbg.oh Miamisburg,OH
mscw.id Moscow,ID
mskg.wi Muskego,WI
mson.oh Massillon,OH
mssn.ks Mission,KS
mssn.ny Massena,NY
mtgl.oh Mount Gilead,OH
mtgm.oh Montgomery,OH
mtry.01 -
mtry.ca Monterey Park,CA
mtst.ky Mount Washington,KY
mwrtn NULL
myfd.ky Mayfield,KY
myvl.oh Marysville,OH
nadm.ma North Adams,MA
nans.me -
nass.ny North Massapequa,NY
nata.ll -
natc.ky -
natm.tn Nashville-Davidson metropolitan government,TN
natn.ow -
nats.ow -
natw.ky -
nc NULL
nc.a.ol Ansonville,NC
nc.ahvl Asheville,NC
nc.boon Boone,NC
nc.charlotte Charlotte,NC
nc.hckr Hickory,NC
nc.hlrg Holly Springs,NC
nc.lenr Lenoir,NC
nc.mant Morganton,NC
nc.mgtn Morganton,NC
nc.nwbo North Wilkesboro,NC
nc.rnrp Roanoke Rapids,NC
nc.rxbo Roxboro,NC
nc.snfr Sanford,NC
nc.wyvl Waynesville,NC
nc.yanceyville Yanceyville,NC
ncnt.oh North Canton,OH
ne NULL
ne.a.rd -
ne.b.cp -
ne.b.rt Bridgeport,NE
ne.b.xt -
ne.c.ml Chambers village,NE
ne.c.nw -
ne.k.ee Kenesaw village,NE
ne.krny Kearney,NE
ne.n.rw -
ne.n.wp Newport village,NE
ne.p.lm Palmer village,NE
ne.p.tl Paxton village,NE
ne.s.ac Syracuse,NE
ne.s.cb -
ne.s.eb Shelby village,NE
ne.s.pl Saint Paul,NE
ne.w.ll Willow Island,NE
ne.w.rr Wood River,NE
neb NULL
neb..CP -
nenh.wi Neenah,WI
neo NULL
neo.bcs NULL
new NULL
new..CP -
ngfl.ny Niagara Falls,NY
nh NULL
nh.boscawen Boscawen,NH
nh.claremont Claremont,NH
nh.concord Concord,NH
nh.derry Derry Village,NH
nh.dover Dover,NH
nh.exeter Exeter,NH
nh.hinsdale Hinsdale,NH
nh.kingston Kingston,NH
nh.lebanon Lebanon,NH
nh.londonderry Londonderry,NH
nh.manchester Manchester,NH
nh.mtvernon Mont Vernon,NH
nh.nashua Nashua,NH
nh.portsmouth Portsmouth,NH
nh.salem Salem,NH
nhvl.ny North Amityville,NY
nich.ky Nicholasville,KY
nj NULL
nj.absecon Absecon,NJ
nj.arneysmount -
nj.audubon Audubon,NJ
nj.avalon Avalon,NJ
nj.avenel Avenel,NJ
nj.bayville -
nj.bishopsgate -
nj.brick1 -
nj.brick2 -
nj.bridgeton Bridgeton,NJ
nj.brownsmills Browns Mills,NJ
nj.burlington Burlington,NJ
nj.cherryhille -
nj.cherryhillw -
nj.clementon Clementon,NJ
nj.commercial -
nj.dover Dover,NJ
nj.eastwindsor -
nj.eatontown Eatontown,NJ
nj.ebrunswick East Brunswick,NJ
nj.franklinvill -
nj.gloucester Gloucester City,NJ
nj.hammonton Hammonton,NJ
nj.hillsboro -
nj.jerseycity Jersey City,NJ
nj.lambertville Lambertville,NJ
nj.longbeachisl -
nj.longhill -
nj.manahawkin Manahawkin,NJ
nj.mayslanding Mays Landing,NJ
nj.medford Medford Lakes,NJ
nj.middletown -
nj.moorestown Moorestown-Lenola,NJ
nj.mtlaurel Mount Laurel,NJ
nj.narlington North Arlington,NJ
nj.nhanover -
nj.pennsauken Pennsauken,NJ
nj.plainfield Plainfield,NJ
nj.portmurray Port Murray,NJ
nj.raritan Raritan,NJ
nj.riogrande Rio Grande,NJ
nj.salem Salem,NJ
nj.southhampton -
nj.summit Summit,NJ
nj.swedesboro Swedesboro,NJ
nj.tomsriver Toms River,NJ
nj.trenton Trenton,NJ
nj.turnersville Turnersville,NJ
nj.union Union City,NJ
nj.uppertwsp -
nj.verona Verona,NJ
nj.vineland Vineland,NJ
nj.voorhees Voorhees,NJ
nj.whiting Whittingham,NJ
nj.woodbury Woodbury,NJ
nm NULL
nm.albuquerque Albuquerque,NM
nm.broadway -
nm.deming Deming,NM
nm.farmington Farmington,NM
nm.fourhills -
nm.gallup Gallup,NM
nm.lascruces Las Cruces,NM
nm.losalamos Los Alamos,NM
nm.loslunas Los Lunas,NM
nm.montbel -
nm.paradise Paradise Hills,NM
nm.portales Portales,NM
nm.sandia Sandia Heights,NM
nm.santafe Santa Fe,NM
nm.sequoia -
nm.silvercity Silver City,NM
nm.southvalley South Valley,NM
nm.taos Taos,NM
nm.tijeras Tijeras village,NM
nm.tnnss-albqrq -
nm.unas -
nolm.oh North Olmsted,OH
norg.ca North Glendale,CA
northeast.alb NULL
northeast.cny NULL
northeast.ne -
northeast.wny NULL
nplh.oh New Philadelphia,OH
nprr.wi North Prairie,WI
nrfl.va Norfolk,VA
nrvl.ny North Amityville,NY
nrwc.ny Norwich,NY
nsvl.tn Nashville,TN
ntet.pa Northwest Harborcreek,PA
ntnw.ny North Tonawanda,NY
nv.crcy Carson City,NV
nv.flln Fallon,NV
nv.reno Reno,NV
nwbl.ny New Berlin,NY
nwbl.wi New Berlin,WI
nwbr.in Newburgh,IN
nwln.oh New Franklin,OH
nwor.la New Orleans,LA
nwrk.nj Newark,NJ
nwrk.oh Newark,OH
nwrm.oh New Bremen,OH
ny NULL
ny.111eighthave -
ny.carmel Carmel Hamlet,NY
ny.newyork New York City,NY
ny.plbg Plattsburgh,NY
ny50.30 -
nyc NULL
nyc2.0. -
nyc3.0. -
nyca.p. -
nycap NULL
nycm.ny -
nyroc NULL
nys NULL
oahu.hi -
ocnt.wi Oconto,WI
ogbg.ny Ogdensburg,NY
oh NULL
oh.eliverpool East Liverpool,OH
oh.k717 -
oh.stclairsvill Saint Clairsville,OH
oh.steubenville Steubenville,OH
ojai.ca Ojai,CA
okcb.ok -
okcy.ok Oklahoma City,OK
olen.ny Olean,NY
olhl.ky Olive Hill,KY
omah NULL
oned.ny Oneida,NY
onnt.ny Oneonta,NY
ontr.ca Ontario,CA
onts.ca -
onxr.ca -
or NULL
or.173rd-bevrtn -
or.beaverton Beaverton,OR
or.corvallis Corvallis,OR
or.eugene Eugene,OR
or.foster -
or.gateway -
or.hollywood -
or.mdfd Medford,OR
or.portlandhub -
or.salem Salem,OR
or.sltn Silverton,OR
or.stjohns -
or.troutdale Troutdale,OR
ornc.a- -
orng.ca Orange,CA
orng.ma Orange,MA
oron.me Orono,ME
osgo.ny Oswego,NY
oshk.wi Oshkosh,WI
ossi.nh Ossipee,NH
oswg.ny Oswego,NY
otsc.ny -
ottw.oh Ottawa Hills,OH
ovpl.ks -
owbo.ky Owensboro,KY
oweg.ny Oswego,NY
oxfd.oh Oxford,OH
oxnr.ca Oxnard,CA
pa NULL
pa.140mkt -
pa.3crls-pttsbr -
pa.401nbroadst -
pa.49thst -
pa.53rdst -
pa.adams Adamstown,PA
pa.balacynwyd -
pa.beaverfalls Beaver Falls,PA
pa.bensalem -
pa.bethelpark Bethel Park,PA
pa.blairsville Blairsville,PA
pa.bluemountain -
pa.boot-wstchs -
pa.canonsburg Canonsburg,PA
pa.carlisle Carlisle,PA
pa.carrolltown Carrolltown,PA
pa.centralcity Central City,PA
pa.chambersburg Chambersburg,PA
pa.chestnuthill -
pa.christianst -
pa.clarion Clarion,PA
pa.coatesville Coatesville,PA
pa.columbsblvd -
pa.columbusblvd -
pa.comcastcntr -
pa.corliss -
pa.dillsburg Dillsburg,PA
pa.downingtown Downingtown,PA
pa.doylestown Doylestown,PA
pa.dtowndr -
pa.dubois Du Bois,PA
pa.egoshen -
pa.elizabethtwn Elizabethtown,PA
pa.epennsboro -
pa.eprospect East Prospect,PA
pa.fairmountave -
pa.fairview Fairview,PA
pa.fortloudon Fort Loudon,PA
pa.franconia -
pa.gettysburg Gettysburg,PA
pa.greensburg Greensburg,PA
pa.greenwayave -
pa.hanover Hanover,PA
pa.hershey Hershey,PA
pa.highrock -
pa.homestead Homestead,PA
pa.huntingdon Huntingdon,PA
pa.indiana Indiana,PA
pa.inflow -
pa.ivyland Ivyland,PA
pa.jefferson Jefferson Hills,PA
pa.jerseyshore Jersey Shore,PA
pa.kane Kane,PA
pa.kennetsquare Kennett Square,PA
pa.kiski Kiskimere,PA
pa.kittanning Kittanning,PA
pa.lancaster Lancaster,PA
pa.lansdale Lansdale,PA
pa.latrobe Latrobe,PA
pa.lebanon Lebanon,PA
pa.lehighton Lehighton,PA
pa.levittown Levittown,PA
pa.lewistown Lewistown,PA
pa.lockhaven Lock Haven,PA
pa.lowerpaxton -
pa.lowerswatera -
pa.malvern Malvern,PA
pa.manchester Manchester,PA
pa.mckeesport McKeesport,PA
pa.mechanicsbrg Mechanicsburg,PA
pa.milford Milford,PA
pa.millersburg Millersburg,PA
pa.monroeville Monroeville,PA
pa.montville Montgomeryville,PA
pa.muncy Muncy,PA
pa.murrysville Murrysville,PA
pa.nbethlehem New Bethlehem,PA
pa.ndceast -
pa.newcastle New Castle,PA
pa.newhanover -
pa.newholland New Holland,PA
pa.newport Newport,PA
pa.newshaffrtwn New Schaefferstown,PA
pa.newtown Newtown Grant,PA
pa.norristown Norristown,PA
pa.northeastave -
pa.pennhills Penn Hills,PA
pa.philadelphia Philadelphia,PA
pa.phoenixville Phoenixville,PA
pa.pinegrove Pine Grove,PA
pa.pittsburgh Pittsburgh,PA
pa.plum Plum,PA
pa.plymouthmtng Plymouth Meeting,PA
pa.pottstown Pottstown,PA
pa.pottsville Pottsville,PA
pa.punxy Punxsutawney,PA
pa.quarryville Quarryville,PA
pa.railroad Railroad,PA
pa.reading Reading,PA
pa.redlion Red Lion,PA
pa.ross Reynolds Heights,PA
pa.ruralvalley Rural Valley,PA
pa.sacramento -
pa.scranton Scranton,PA
pa.sellersville Sellersville,PA
pa.southhills -
pa.statecollege State College,PA
pa.summitpark -
pa.tarentum Tarentum,PA
pa.torresdale -
pa.towanda Towanda,PA
pa.umbriast -
pa.upperdarby -
pa.uppermerion -
pa.wallingford -
pa.wayneave -
pa.waynesboro Waynesboro,PA
pa.westchester West Chester,PA
pa.westdeer -
pa.westyork West York,PA
pa.williamsport Williamsport,PA
pa.willowgrove Willow Grove,PA
pa.york York,PA
panh.an -
pars.ky Paris,KY
pbsd.ca -
pc5-.oa -
pch1.0- -
peakview NULL
peor.il Peoria,IL
peru.oh Perrysburg,OH
pghk.ny Poughkeepsie,NY
phla.pa Philadelphia,PA
phnx NULL
phrr.tx Pharr,TX
pitb.pa Pittsburgh,PA
plcn.ca Placentia,CA
pldl.ca Palmdale,CA
plds.ca Palm Desert,CA
plmn.wa Pullman,WA
plmo.wi Plymouth,WI
plsp.ca Palm Springs,CA
pltn.13 -
pltn.ca Pleasanton,CA
plts.oh Pleasant Hills,OH
pnbl.ar Pine Bluff,AR
pnhl.ky -
po1-.dn -
po3-.cr -
po4-.yc -
po47.-d -
po5-.dh -
pocl.oh Port Clinton,OH
poko.h1 -
polk.oh Portage Lakes,OH
pomn.ca Pomona,CA
pos-.0- -
pos-.1- -
pos-.2- -
pos-.3- -
pos-.4- -
pos-.6- -
powl.oh Powell,OH
pris.ny Port Jervis,NY
prvd.ri Providence,RI
psfl.id Post Falls,ID
ptfd.ma Pittsfield,MA
ptld NULL
ptld.me Portland,ME
ptmh.oh Portsmouth,OH
ptsd.ny Potsdam,NY
ptsk.oh Pataskala,OH
pwsd.ca -
racn.wi Racine,WI
radn.c- -
rcfr.il Rockford,IL
rcld.va Richlands,VA
rcmd.ky Richmond,KY
rcmd.va Richmond,VA
rcsn.tx Richardson,TX
reno.cs -
reno.nv Reno,NV
res.columbus NULL
res.dc -
res.hawaii NULL
res.hvc NULL
res.kc -
res.ma Rochester,MA
res.natcky NULL
res.natnow NULL
res.natsoe NULL
res.natsow NULL
res.natwky NULL
res.neb NULL
res.new NULL
res.nj Robertsville,NJ
res.nyc NULL
res.san NULL
res.si -
res.socal NULL
res.we -
res.wi River Falls,WI
rgv NULL
riga.ny Richfield Springs village,NY
rlgh.nc Raleigh,NC
rmfr.me Rumford,ME
rnbo.oh -
rnlk.wi Random Lake,WI
rnsl.ny Rensselaer,NY
roch NULL
roch.es -
roch.ny Rochester,NY
rochester NULL
rome.ny Rome,NY
ronk.va Roanoke,VA
rp-t.om -
rrcs.-s -
rsll.il Roselle,IL
rstr NULL
saco.me Saco,ME
salm.wi Salem,WI
san NULL
sang.tx San Angelo,TX
sant.tx San Antonio,TX
satx NULL
satx.230-29 NULL
satx.231-146 NULL
satx.232-190 NULL
satx.233-128 NULL
satx.234-47 NULL
satx.235-94 NULL
satx.236-30 NULL
satx.237-29 NULL
satx.238-116 NULL
satx.239-222 NULL
sbnd.in South Bend,IN
sc NULL
sc.a.ol Alcolu,SC
sc.ashleyriver -
sc.beaufort Beaufort,SC
sc.buft Bluffton,SC
sc.charleston Charleston,SC
sc.duneswest -
sc.gnvl Greenville,SC
sc.goosecreek Goose Creek,SC
sc.hampton Hampton,SC
sc.hollywood Hollywood,SC
sc.jamesisle -
sc.johnsisland -
sc.ladson Ladson,SC
sc.ladysisland -
sc.mtpleasant Mount Pleasant,SC
sc.spbg Spartanburg,SC
sc.walterboro Walterboro,SC
scbo.me Scarborough,ME
schn.ny Schenectady,NY
scla.ca Santa Clarita,CA
scrm.01 -
scrm.ca Sacramento,CA
sctn.pa Scranton,PA
sdny.ny Sidney,NY
sdny.oh Sidney,OH
se NULL
sea2.0. -
sebg.me -
semn.oh Sixteen Mile Stand,OH
sfld.mi Southfield,MI
sfsq.ca -
sgnw.mi Saginaw,MI
shlb.oh Shelby,OH
shrn.pa Sharon,PA
shro.ny South Blooming Grove,NY
shtw.il Shawneetown,IL
si NULL
simi.ca Simi Valley,CA
sjc1.0. -
sjc3.0. -
skt2.ca -
slbh.ca Seal Beach,CA
slem.oh Salem,OH
slka.ny Saranac Lake village,NY
slkc NULL
slmn.ca San Clemente,CA
slsb.md Salisbury,MD
smrs.oh Saint Marys,OH
smrt.ky Somerset,KY
smtn.az Somerton,AZ
smvl.mo Smithville,MO
snan.ca San Francisco,CA
snan.tx San Antonio,TX
snap.ca San Juan Capistrano,CA
snbr.ca San Bernardino,CA
snby.oh Sunbury,OH
sndg.02 -
sndg.ca San Diego,CA
sndh.ca Sunnyside-Tahoe City,CA
snfc.21 -
snfc.ca San Francisco,CA
snjs.ca San Jose,CA
snlo.01 -
snlo.ca San Leandro,CA
snmn.ca Santa Monica,CA
snpl.ca Santa Paula,CA
sntc.01 -
sntc.ca Santa Clarita,CA
sntl.ca Santa Clarita,CA
so-1.-0 -
socal NULL
sods.ny Sodus,NY
southeast NULL
spbr.oh Springboro,OH
spf2.mo -
spfd.il Springfield,IL
spfd.ky Springfield,KY
spfd.ma Springfield,MA
spfd.mo Springfield,MO
spkn NULL
spld.me South Portland,ME
spnf.oh Springfield,OH
spok NULL
spsd.ca South Pasadena,CA
srdn.ny -
srlk.ny Saranac Lake,NY
srsd.ca South Monrovia Island,CA
srsp.ny Saratoga Springs,NY
static NULL
stcd NULL
stcl.ca Santa Clarita,CA
stcy.ca South Yuba City,CA
stfr.ny South Farmingdale,NY
stkh.ny -
stl2.mo -
stls.mo Saint Louis,MO
stny NULL
stpr.oh Saint Paris,OH
stru.oh Struthers,OH
sttl NULL
stvl.oh Strongsville,OH
stx NULL
svll.oh Strongsville,OH
sw NULL
swo NULL
swrd.ne Seward,NE
sxcy NULL
sxfl NULL
sycm.oh Sycamore village,OH
syrc.ny Syracuse,NY
syrn.y- -
tamp.ab -
tamp.fl Tampa,FL
tamp.l0 -
tamp.l1 -
tamp.l3 -
tamp.l4 -
tamp.l5 -
tamp.l6 -
tamp.l7 -
tamp.l8 -
tampabay NULL
tcnd.ny Ticonderoga,NY
tcso NULL
te0-.0- -
te3-.1- -
tele.oh The Village of Indian Hill,OH
ten-.1- -
ten-.10 -
teng.e- -
teng.e0 -
teng.ig -
tge1.-3 -
tge9.-1 -
tjga.ca -
tjng.ca -
tlrd.co Telluride,CO
tmcl.ca Temecula,CA
tn NULL
tn.anderson Andersonville,TN
tn.ashgroverd -
tn.athens Athens,TN
tn.bartlett Bartlett,TN
tn.benton Bean Station,TN
tn.blairblvd -
tn.blebanonrd -
tn.bluelight -
tn.bridgewater -
tn.bullsgap Bulls Gap,TN
tn.collierville Collierville,TN
tn.cordova -
tn.covington Covington,TN
tn.crossstreet -
tn.dannythomas -
tn.dickson Dickson,TN
tn.eads -
tn.east East Chattanooga,TN
tn.fairfield Fairfield Glade,TN
tn.friendsville Friendsville,TN
tn.gallatin Gallatin,TN
tn.gatlinburg Gatlinburg,TN
tn.germantown Germantown,TN
tn.goodslettvll -
tn.gray Graysville,TN
tn.greenback Greenback,TN
tn.greeneville Greeneville,TN
tn.harriman Harriman,TN
tn.hendersonvl Hendersonville,TN
tn.hicksrd -
tn.hornlake -
tn.jacksboro Jacksboro,TN
tn.jcsn Jackson,TN
tn.kgpt Kingsport,TN
tn.kodak -
tn.livingston Livingston,TN
tn.middlevalley Middle Valley,TN
tn.millingtonrd -
tn.murfreesboro Murfreesboro,TN
tn.nashville Nashville,TN
tn.norris Norris,TN
tn.oakland Oakland,TN
tn.oakridge Oak Ridge,TN
tn.oldgetwell -
tn.pennington -
tn.polymer -
tn.poplarave -
tn.raritybay -
tn.riverdale -
tn.ruralhillrd -
tn.sevierville Sevierville,TN
tn.sharpsridge -
tn.smithville Smithville,TN
tn.south South Cleveland,TN
tn.springfield Springfield,TN
tn.summerave -
tn.summit -
tn.tulipgrove -
tn.west Winchester,TN
tn.whitehaven -
tn.williamson -
tn.winchester Winchester,TN
told.oh Toledo,OH
tpcy.oh Tipp City,OH
tpf NULL
tpk2.ks -
tpka.ks Topeka,KS
trht.in Terre Haute,IN
triad NULL
trnc.ca Torrance,CA
trne.ca Torrance,CA
troy.ny Troy,NY
troy.oh Troy,OH
trth.in -
tssd.ca Tamalpais-Homestead Valley,CA
tukr.ga Tucker,GA
tukw NULL
tul2.ok -
tust.ca Tustin,CA
twal.ba -
twcny NULL
twdp.-0 -
tx NULL
tx.1950stemmons -
tx.84tdw-houstn -
tx.airport Airport Road Addition,TX
tx.alief -
tx.almeda -
tx.alvin Alvin,TX
tx.baytown Baytown,TX
tx.bearcreek Bear Creek village,TX
tx.bisbee -
tx.cinco Cinco Ranch,TX
tx.clute Clute,TX
tx.dallas Dallas,TX
tx.dayton Dayton,TX
tx.dntn Denton,TX
tx.east Eastland,TX
tx.egypt -
tx.ftwo Fort Worth,TX
tx.galveston Galveston,TX
tx.grant Granite Shoals,TX
tx.greenspoint -
tx.greensptrdc -
tx.humble Humble,TX
tx.lamarque La Marque,TX
tx.lcwalker -
tx.leaguecity League City,TX
tx.luthe -
tx.mrsh Marshall,TX
tx.northshore -
tx.pasadena Pasadena,TX
tx.pike -
tx.rcpt Rockport,TX
tx.rosenberg Rosenberg,TX
tx.royalton -
tx.santateresa -
tx.silverlake -
tx.sprn Spring,TX
tx.strack -
tx.sugarland Sugar Land,TX
tx.tidwell -
tx.wallisville -
tzwl.va Tazewell,VA
ucsd.ca -
unal.lo -
unct.pa Union City,PA
uncy.oh Union City,OH
ungv.wi Union Grove,WI
unin.ny Uniondale,NY
upar.oh Upper Arlington,OH
urbn.oh Urbana,OH
ut NULL
ut.heber Heber,UT
ut.logan Logan,UT
ut.ogden Ogden,UT
ut.orem Orem,UT
ut.saltlakecity Salt Lake City,UT
ut.sandy Sandy Hills,UT
uval.tx Universal City,TX
va NULL
va.abingdon Abingdon,VA
va.alexandria Alexandria,VA
va.amherst Amherst,VA
va.arlington Arlington,VA
va.ashburn Ashburn,VA
va.ashland Ashland,VA
va.bellsrd -
va.blacksburg Blacksburg,VA
va.boulevard -
va.brandermill Brandermill,VA
va.buenavista Buena Vista,VA
va.catharpin -
va.charlville Charlottesville,VA
va.charlvilleco -
va.chesterfield Chesterfield Court House,VA
va.churchrd -
va.culpeper Culpeper,VA
va.dalecity Dale City,VA
va.danville Danville,VA
va.dinwiddie Dinwiddie,VA
va.duffield Duffield,VA
va.emporia Emporia,VA
va.foresthillrd -
va.frontroyal Front Royal,VA
va.galax Galax,VA
va.gladespring Glade Spring,VA
va.goochland Goochland,VA
va.gretna Gretna,VA
va.harrisonburg Harrisonburg,VA
va.hopewell Hopewell,VA
va.lakeridge Lake Ridge,VA
va.leecounty -
va.leesburg Leesburg,VA
va.lexington Lexington,VA
va.louisa Louisa,VA
va.luray Luray,VA
va.lynchburg Lynchburg,VA
va.manassas Manassas,VA
va.manassascc -
va.marion Marion,VA
va.martinsville Martinsville,VA
va.mcgayhesvlle -
va.mclean McLean,VA
va.mechanicsvll Mechanicsville,VA
va.midlothian -
va.norton Norton,VA
va.orange Orange,VA
va.palmyra Palmyra,VA
va.petersburg Petersburg,VA
va.pocohontas -
va.powhatan Powhatan,VA
va.pulaski Pulaski,VA
va.purcellville Purcellville,VA
va.reston Reston,VA
va.robinsrd -
va.ruckersville Ruckersville,VA
va.salem Salem,VA
va.sandyhook -
va.sboston South Boston,VA
va.sffl Suffolk,VA
va.shadygrove -
va.south South Suffolk,VA
va.southhill South Hill,VA
va.spotsylvania Spotsylvania Courthouse,VA
va.stafford Stafford,VA
va.staplesmllrd -
va.staunton Staunton,VA
va.sterling Sterling,VA
va.stewartsvlle -
va.tollesboro -
va.valley -
va.warrenton Warrenton,VA
va.waynesboro Waynesboro,VA
va.winchester Winchester,VA
va.yahleymill -
verm.oh Vermilion-on-the-Lake,OH
vinn.ny -
vlan.80 -
vln9.01 -
vlnc.ca Valley Ranch,CA
vnny.ca -
vnnz.ca -
vntr.ca Ventura,CA
vrml.oh Vermilion-on-the-Lake,OH
vrsl.ky Versailles,KY
vstl.ny Valley Stream village,NY
vt NULL
vt.bennington Bennington,VT
vt.berlin -
vt.davl Danville,VT
vt.derby Derby Center village,VT
vt.milton Milton,VT
vt.putney Poultney,VT
vt.rutland Rutland,VT
vt.williston Williston,VT
vxr-.02 -
wa NULL
wa.132nd-evertt -
wa.aberdeen Aberdeen,WA
wa.bellevue Bellevue,WA
wa.bremerton Bremerton,WA
wa.burien Burien,WA
wa.burlington Burlington,WA
wa.cpe College Place,WA
wa.elbg Ellensburg,WA
wa.everett Everett,WA
wa.federalway Federal Way,WA
wa.ferndale Ferndale,WA
wa.knwc Kennewick,WA
wa.longview Longview,WA
wa.olympia Olympia,WA
wa.redmond Redmond,WA
wa.seattle Seattle,WA
wa.snsd Sunnyside,WA
wa.spokane Spokane,WA
wa.tacoma Tacoma,WA
wa.unas -
wa.vancouver Vancouver,WA
wa.wlwl Walla Walla,WA
wa.wntc Wenatchee,WA
wa.woodland Woodland,WA
wa.yakm Yakima,WA
wac2.tx -
waco.tx Waco,TX
warn.oh Warren,OH
wash.dc Washington,DC
wcfl.tx Wichita Falls,TX
wch2.ks -
wcht.ks Wichita,KS
wcsd.ca -
wdhl.ca -
wdhm.oh Windham,OH
wdst.nh Woodstock,NH
we NULL
wepb.fl West Palm Beach,FL
west NULL
west.-d -
wevl.oh Westerville,OH
wflb.oc -
whfd.me Whitefield,ME
whtr.ca Whittier,CA
wi NULL
wi.C.PE Chippewa Falls,WI
wi.bcs Black River Falls,WI
wi.eucl Eau Claire,WI
wi.fdul Fond du Lac,WI
wi.ftbg Fitchburg,WI
wi.manitowoc Manitowoc,WI
wi.mdsn Madison,WI
wi.rclk Rice Lake,WI
wi.riverfalls River Falls,WI
wi.stpt Stevens Point,WI
wi.unas -
wksh.wi Waukesha,WI
wlfr.ct Wallingford Center,CT
wlgh.oh Willoughby,OH
wlls.me Wells Beach Station,ME
wlmg.ca -
wlmg.nc Wilmington,NC
wlvg.ca Westlake Village,CA
wlvl.ny Williamsville,NY
wmns.ca Westminster,CA
wnch.ky Winchester,KY
wnch.oh Washington Court House,OH
wnhm.me -
wnsl.me Winslow,ME
wny..bu -
wny..lk -
wny..ln -
wny..ws -
woh NULL
worl.ey -
wotn.oh Worthington,OH
wrrn.me Warren,ME
wsch.oh Washington Court House,OH
wstl.ny West Albany,NY
wsvl.ny Washingtonville,NY
wtmp.al Wetumpka,AL
wttw.ny Watertown,NY
wv NULL
wv.bluefield Bluefield,WV
wv.hedgesville Hedgesville,WV
wv.huntington Huntington,WV
wv.inwood Inwood,WV
wv.marion Marlinton,WV
wv.martinsburg Martinsburg,WV
wv.morgantown Morgantown,WV
wv.ranson Ranson,WV
wv.redhouse -
wv.roundhill -
wv.shphrdstwn Shepherdstown,WV
wv.wheeling Wheeling,WV
wvly.oh Waverly,OH
wxla.ca -
wyfd.oh Waynesfield village,OH
wynt.ny Wynantskill,NY
xe-0.-0 -
xe-4.-0 -
ycvy.ca Yucca Valley,CA
yntw.oh Youngstown,OH
york.ne York,NE
yucp.ca Yucaipa,CA
yuma.az Yuma,AZ
znvl.oh Zanesville,OH
